"Name","Path","SizeMB"
"SLUS-01293","F:\downloads\SLUS-01293","1173"
"SLES-01007","F:\downloads\SLES-01007","1162"
"SLUS-00921","F:\downloads\SLUS-00921","1149"
"SLUS-00858","F:\downloads\SLUS-00858","1133"
"SCUS-94201","F:\downloads\SCUS-94201","974"
"SCUS-94602","F:\downloads\SCUS-94602","972"
"SLES-11881","F:\downloads\SLES-11881","797"
"SLUS-00751","F:\downloads\SLUS-00751","745"
"SLUS-01316","F:\downloads\SLUS-01316","745"
"SLUS-01219","F:\downloads\SLUS-01219","742"
"SLUS-00146","F:\downloads\SLUS-00146","741"
"SLUS-00718","F:\downloads\SLUS-00718","736"
"SCUS-94635","F:\downloads\SCUS-94635","733"
"SLUS-01015","F:\downloads\SLUS-01015","729"
"SLUS-00381","F:\downloads\SLUS-00381","716"
"SLUS-00565","F:\downloads\SLUS-00565","715"
"SLUS-00580","F:\downloads\SLUS-00580","715"
"SLUS-01278","F:\downloads\SLUS-01278","715"
"SLUS-00998","F:\downloads\SLUS-00998","714"
"SCUS-94563","F:\downloads\SCUS-94563","714"
"SLUS-01270","F:\downloads\SLUS-01270","713"
"SLUS-00386","F:\downloads\SLUS-00386","712"
"SLUS-00433","F:\downloads\SLUS-00433","711"
"SLUS-01277","F:\downloads\SLUS-01277","710"
"SLUS-01039","F:\downloads\SLUS-01039","709"
"SLUS-00974","F:\downloads\SLUS-00974","708"
"SLUS-01003","F:\downloads\SLUS-01003","708"
"SLUS-01251","F:\downloads\SLUS-01251","706"
"SLUS-01252","F:\downloads\SLUS-01252","706"
"SCUS-94152","F:\downloads\SCUS-94152","704"
"SCUS-94492","F:\downloads\SCUS-94492","704"
"SLUS-01002","F:\downloads\SLUS-01002","703"
"SLUS-00355","F:\downloads\SLUS-00355","702"
"SLUS-00585","F:\downloads\SLUS-00585","702"
"SLUS-00859","F:\downloads\SLUS-00859","700"
"SCUS-94164","F:\downloads\SCUS-94164","699"
"SLUS-00559","F:\downloads\SLUS-00559","699"
"SLUS-00826","F:\downloads\SLUS-00826","699"
"SLUS-00892","F:\downloads\SLUS-00892","698"
"SLUS-00776","F:\downloads\SLUS-00776","698"
"SLUS-00563","F:\downloads\SLUS-00563","697"
"SLUS-01296","F:\downloads\SLUS-01296","696"
"SLUS-00515","F:\downloads\SLUS-00515","696"
"SLUS-01243","F:\downloads\SLUS-01243","695"
"SLUS-01164","F:\downloads\SLUS-01164","693"
"SLES-00878","F:\downloads\SLES-00878","691"
"SCUS-94205","F:\downloads\SCUS-94205","690"
"SLUS-00416","F:\downloads\SLUS-00416","689"
"SLUS-01113","F:\downloads\SLUS-01113","688"
"SLUS-00605","F:\downloads\SLUS-00605","685"
"SLUS-01282","F:\downloads\SLUS-01282","681"
"SLUS-00933","F:\downloads\SLUS-00933","680"
"SLUS-01504","F:\downloads\SLUS-01504","679"
"SCUS-94907","F:\downloads\SCUS-94907","677"
"SLUS-00339","F:\downloads\SLUS-00339","674"
"SLUS-00594","F:\downloads\SLUS-00594","673"
"SLES-02574","F:\downloads\SLES-02574","669"
"SLUS-00630","F:\downloads\SLUS-00630","669"
"SLUS-01030","F:\downloads\SLUS-01030","668"
"SLUS-00965","F:\downloads\SLUS-00965","668"
"SCUS-94303","F:\downloads\SCUS-94303","667"
"SLUS-00758","F:\downloads\SLUS-00758","666"
"SLUS-01275","F:\downloads\SLUS-01275","663"
"SLUS-00383","F:\downloads\SLUS-00383","662"
"SLUS-00805","F:\downloads\SLUS-00805","661"
"SLUS-00937","F:\downloads\SLUS-00937","659"
"SLUS-01295","F:\downloads\SLUS-01295","657"
"SLUS-01297","F:\downloads\SLUS-01297","657"
"SLUS-00516","F:\downloads\SLUS-00516","657"
"SLES-02346","F:\downloads\SLES-02346","656"
"SLUS-01148","F:\downloads\SLUS-01148","656"
"SLUS-00962","F:\downloads\SLUS-00962","655"
"SCUS-94204","F:\downloads\SCUS-94204","654"
"SLUS-00973","F:\downloads\SLUS-00973","653"
"SLUS-01272","F:\downloads\SLUS-01272","652"
"SLUS-00708","F:\downloads\SLUS-00708","651"
"SLUS-01061","F:\downloads\SLUS-01061","651"
"SLUS-00272","F:\downloads\SLUS-00272","650"
"SLUS-01157","F:\downloads\SLUS-01157","649"
"SLUS-00884","F:\downloads\SLUS-00884","647"
"SLUS-00564","F:\downloads\SLUS-00564","645"
"SLUS-00060","F:\downloads\SLUS-00060","645"
"SLUS-00717","F:\downloads\SLUS-00717","644"
"SLUS-00325","F:\downloads\SLUS-00325","644"
"SLUS-00938","F:\downloads\SLUS-00938","642"
"SLUS-00782","F:\downloads\SLUS-00782","641"
"SLUS-00167","F:\downloads\SLUS-00167","640"
"SLUS-00699","F:\downloads\SLUS-00699","638"
"SLUS-01232","F:\downloads\SLUS-01232","637"
"SLUS-01276","F:\downloads\SLUS-01276","637"
"SLUS-00400","F:\downloads\SLUS-00400","637"
"SLUS-01060","F:\downloads\SLUS-01060","636"
"SLUS-00439","F:\downloads\SLUS-00439","636"
"SLUS-01534","F:\downloads\SLUS-01534","636"
"SLUS-01321","F:\downloads\SLUS-01321","635"
"SLUS-01387","F:\downloads\SLUS-01387","634"
"SLUS-00500","F:\downloads\SLUS-00500","634"
"SLUS-00224","F:\downloads\SLUS-00224","632"
"SCUS-94228","F:\downloads\SCUS-94228","631"
"SLUS-00688","F:\downloads\SLUS-00688","630"
"SLUS-00134","F:\downloads\SLUS-00134","630"
"SCUS-94165","F:\downloads\SCUS-94165","629"
"SLUS-01312","F:\downloads\SLUS-01312","628"
"SLUS-01104","F:\downloads\SLUS-01104","627"
"SLUS-01092","F:\downloads\SLUS-01092","626"
"SLUS-01140","F:\downloads\SLUS-01140","623"
"SLUS-00894","F:\downloads\SLUS-00894","623"
"SLUS-00989","F:\downloads\SLUS-00989","622"
"SLUS-00736","F:\downloads\SLUS-00736","621"
"SLUS-00867","F:\downloads\SLUS-00867","618"
"SLUS-00417","F:\downloads\SLUS-00417","618"
"SLUS-01161","F:\downloads\SLUS-01161","617"
"SLUS-00135","F:\downloads\SLUS-00135","616"
"SLUS-01578","F:\downloads\SLUS-01578","616"
"SLUS-00018","F:\downloads\SLUS-00018","613"
"SLUS-00707","F:\downloads\SLUS-00707","612"
"SLUS-00988","F:\downloads\SLUS-00988","611"
"SLUS-00204","F:\downloads\SLUS-00204","610"
"SCUS-94503","F:\downloads\SCUS-94503","608"
"SLUS-01369","F:\downloads\SLUS-01369","606"
"SLUS-00740","F:\downloads\SLUS-00740","606"
"SLUS-01386","F:\downloads\SLUS-01386","605"
"SLUS-00136","F:\downloads\SLUS-00136","605"
"SLUS-00893","F:\downloads\SLUS-00893","604"
"SLUS-01257","F:\downloads\SLUS-01257","604"
"SLUS-00273","F:\downloads\SLUS-00273","601"
"SLUS-00584","F:\downloads\SLUS-00584","599"
"SLUS-00684","F:\downloads\SLUS-00684","599"
"SLES-02563","F:\downloads\SLES-02563","598"
"SCUS-94952","F:\downloads\SCUS-94952","593"
"SLUS-00271","F:\downloads\SLUS-00271","593"
"SCUS-94103","F:\downloads\SCUS-94103","591"
"SLUS-00236","F:\downloads\SLUS-00236","589"
"SLUS-01011","F:\downloads\SLUS-01011","588"
"SLUS-00621","F:\downloads\SLUS-00621","588"
"SLUS-00076","F:\downloads\SLUS-00076","584"
"SLUS-00682","F:\downloads\SLUS-00682","582"
"SCUS-94478","F:\downloads\SCUS-94478","580"
"SLUS-00622","F:\downloads\SLUS-00622","580"
"SLUS-00048","F:\downloads\SLUS-00048","579"
"SLUS-00855","F:\downloads\SLUS-00855","578"
"SLUS-00247","F:\downloads\SLUS-00247","573"
"SLUS-01395","F:\downloads\SLUS-01395","572"
"SLUS-00791","F:\downloads\SLUS-00791","572"
"SLUS-01454","F:\downloads\SLUS-01454","570"
"SLUS-00255","F:\downloads\SLUS-00255","568"
"SLUS-01437","F:\downloads\SLUS-01437","567"
"SLUS-00854","F:\downloads\SLUS-00854","566"
"SCUS-94355","F:\downloads\SCUS-94355","565"
"SCUS-94555","F:\downloads\SCUS-94555","565"
"SLUS-00561","F:\downloads\SLUS-00561","565"
"SLUS-01042","F:\downloads\SLUS-01042","562"
"SLUS-00639","F:\downloads\SLUS-00639","562"
"SLUS-00080","F:\downloads\SLUS-00080","562"
"SLUS-01541","F:\downloads\SLUS-01541","562"
"SLUS-00698","F:\downloads\SLUS-00698","561"
"SCUS-94647","F:\downloads\SCUS-94647","559"
"SLUS-00729","F:\downloads\SLUS-00729","559"
"SLUS-00470","F:\downloads\SLUS-00470","558"
"SLES-00217","F:\downloads\SLES-00217","557"
"SLUS-01585","F:\downloads\SLUS-01585","556"
"SLUS-01334","F:\downloads\SLUS-01334","556"
"SCUS-94573","F:\downloads\SCUS-94573","555"
"SLES-01419","F:\downloads\SLES-01419","553"
"SLUS-00330","F:\downloads\SLUS-00330","550"
"SLUS-01416","F:\downloads\SLUS-01416","549"
"SLUS-94584","F:\downloads\SLUS-94584","549"
"SLUS-01051","F:\downloads\SLUS-01051","548"
"SLUS-00254","F:\downloads\SLUS-00254","546"
"SLUS-01125","F:\downloads\SLUS-01125","545"
"SLUS-00801","F:\downloads\SLUS-00801","545"
"SLUS-00269","F:\downloads\SLUS-00269","544"
"SLUS-01363","F:\downloads\SLUS-01363","543"
"SCUS-94510","F:\downloads\SCUS-94510","539"
"SLUS-00235","F:\downloads\SLUS-00235","538"
"SCUS-94449","F:\downloads\SCUS-94449","537"
"SLUS-00637","F:\downloads\SLUS-00637","537"
"SCUS-94227","F:\downloads\SCUS-94227","536"
"SLUS-00479","F:\downloads\SLUS-00479","531"
"SLUS-01286","F:\downloads\SLUS-01286","530"
"SLUS-00631","F:\downloads\SLUS-00631","528"
"SLUS-00045","F:\downloads\SLUS-00045","526"
"SLUS-00557","F:\downloads\SLUS-00557","525"
"SLUS-00581","F:\downloads\SLUS-00581","524"
"SLUS-00975","F:\downloads\SLUS-00975","522"
"SCUS-94171","F:\downloads\SCUS-94171","521"
"SCUS-94665","F:\downloads\SCUS-94665","521"
"SLUS-00498","F:\downloads\SLUS-00498","520"
"SCUS-94601","F:\downloads\SCUS-94601","520"
"SLUS-01271","F:\downloads\SLUS-01271","519"
"SLUS-00987","F:\downloads\SLUS-00987","517"
"SLES-00077","F:\downloads\SLES-00077","517"
"SLUS-00476","F:\downloads\SLUS-00476","514"
"SLUS-01483","F:\downloads\SLUS-01483","514"
"SLUS-01237","F:\downloads\SLUS-01237","514"
"SCUS-94359","F:\downloads\SCUS-94359","511"
"SLUS-00520","F:\downloads\SLUS-00520","511"
"SCUS-94420","F:\downloads\SCUS-94420","511"
"SLUS-00166","F:\downloads\SLUS-00166","510"
"SLUS-01121","F:\downloads\SLUS-01121","509"
"SLUS-01512","F:\downloads\SLUS-01512","508"
"SLUS-00766","F:\downloads\SLUS-00766","506"
"SLUS-00548","F:\downloads\SLUS-00548","504"
"SLUS-00620","F:\downloads\SLUS-00620","504"
"SLUS-00503","F:\downloads\SLUS-00503","502"
"SLUS-00913","F:\downloads\SLUS-00913","500"
"SLUS-00603","F:\downloads\SLUS-00603","500"
"SLPM-86339","F:\downloads\SLPM-86339","498"
"SLUS-00616","F:\downloads\SLUS-00616","495"
"SLUS-01449","F:\downloads\SLUS-01449","491"
"SLUS-00194","F:\downloads\SLUS-00194","490"
"SLUS-00029","F:\downloads\SLUS-00029","490"
"SLUS-00719","F:\downloads\SLUS-00719","490"
"SLUS-00462","F:\downloads\SLUS-00462","487"
"SLUS-00641","F:\downloads\SLUS-00641","487"
"SLUS-01058","F:\downloads\SLUS-01058","486"
"SLUS-01014","F:\downloads\SLUS-01014","484"
"SLUS-00863","F:\downloads\SLUS-00863","484"
"SCUS-94695","F:\downloads\SCUS-94695","483"
"SLUS-01227","F:\downloads\SLUS-01227","483"
"SCUS-94500","F:\downloads\SCUS-94500","483"
"SLUS-01056","F:\downloads\SLUS-01056","482"
"SLUS-00764","F:\downloads\SLUS-00764","482"
"SCUS-94558","F:\downloads\SCUS-94558","482"
"SLUS-90049","F:\downloads\SLUS-90049","479"
"SLUS-00825","F:\downloads\SLUS-00825","475"
"SLUS-01468","F:\downloads\SLUS-01468","473"
"SLUS-00957","F:\downloads\SLUS-00957","470"
"SLUS-01584","F:\downloads\SLUS-01584","470"
"SLUS-00401","F:\downloads\SLUS-00401","469"
"SLUS-00216","F:\downloads\SLUS-00216","468"
"SLUS-00374","F:\downloads\SLUS-00374","468"
"SLUS-00760","F:\downloads\SLUS-00760","467"
"SLUS-00738","F:\downloads\SLUS-00738","467"
"SLUS-00920","F:\downloads\SLUS-00920","465"
"SLUS-94491","F:\downloads\SLUS-94491","462"
"SLUS-00341","F:\downloads\SLUS-00341","461"
"SCUS-94564","F:\downloads\SCUS-94564","461"
"SCUS-94407","F:\downloads\SCUS-94407","461"
"SLUS-00148","F:\downloads\SLUS-00148","459"
"SLUS-01530","F:\downloads\SLUS-01530","457"
"SLUS-00257","F:\downloads\SLUS-00257","455"
"SLUS-01482","F:\downloads\SLUS-01482","454"
"SLUS-00414","F:\downloads\SLUS-00414","454"
"SLUS-00445","F:\downloads\SLUS-00445","453"
"SCUS-94408","F:\downloads\SCUS-94408","451"
"SLUS-01120","F:\downloads\SLUS-01120","449"
"SLUS-00261","F:\downloads\SLUS-00261","449"
"SLUS-00709","F:\downloads\SLUS-00709","448"
"SLUS-00583","F:\downloads\SLUS-00583","446"
"SCUS-94254","F:\downloads\SCUS-94254","445"
"SLUS-01306","F:\downloads\SLUS-01306","437"
"SLUS-01509","F:\downloads\SLUS-01509","437"
"SLUS-01187","F:\downloads\SLUS-01187","437"
"SLUS-01145","F:\downloads\SLUS-01145","434"
"SLUS-00293","F:\downloads\SLUS-00293","434"
"SLPS-01830","F:\downloads\SLPS-01830","434"
"SLUS-00754","F:\downloads\SLUS-00754","433"
"SLUS-00398","F:\downloads\SLUS-00398","431"
"SLUS-01057","F:\downloads\SLUS-01057","431"
"SCUS-94562","F:\downloads\SCUS-94562","429"
"SLUS-01231","F:\downloads\SLUS-01231","427"
"SLES-03431","F:\downloads\SLES-03431","427"
"SLUS-01471","F:\downloads\SLUS-01471","427"
"SLUS-01105","F:\downloads\SLUS-01105","426"
"SLUS-00276","F:\downloads\SLUS-00276","425"
"SCUS-94552","F:\downloads\SCUS-94552","424"
"SLUS-01046","F:\downloads\SLUS-01046","424"
"SCUS-94309","F:\downloads\SCUS-94309","422"
"SLUS-00521","F:\downloads\SLUS-00521","415"
"SLUS-01357","F:\downloads\SLUS-01357","413"
"SLUS-01018","F:\downloads\SLUS-01018","412"
"SLUS-00731","F:\downloads\SLUS-00731","411"
"SCUS-94108","F:\downloads\SCUS-94108","411"
"SCUS-94579","F:\downloads\SCUS-94579","411"
"SLUS-00514","F:\downloads\SLUS-00514","408"
"SLUS-01059","F:\downloads\SLUS-01059","408"
"SLUS-01402","F:\downloads\SLUS-01402","402"
"SCES-00563","F:\downloads\SCES-00563","399"
"SLUS-00647","F:\downloads\SLUS-00647","394"
"SCUS-94174","F:\downloads\SCUS-94174","393"
"SLUS-01261","F:\downloads\SLUS-01261","391"
"SLUS-01406","F:\downloads\SLUS-01406","389"
"SLUS-01072","F:\downloads\SLUS-01072","386"
"SCUS-94404","F:\downloads\SCUS-94404","386"
"SLUS-00329","F:\downloads\SLUS-00329","384"
"SCUS-94505","F:\downloads\SCUS-94505","383"
"SLUS-00674","F:\downloads\SLUS-00674","383"
"SLUS-01360","F:\downloads\SLUS-01360","383"
"SLUS-00132","F:\downloads\SLUS-00132","381"
"SLUS-01331","F:\downloads\SLUS-01331","377"
"SLUS-01241","F:\downloads\SLUS-01241","375"
"SLUS-00533","F:\downloads\SLUS-00533","368"
"SLUS-01494","F:\downloads\SLUS-01494","364"
"SCUS-94561","F:\downloads\SCUS-94561","360"
"SLES-03338","F:\downloads\SLES-03338","358"
"SCUS-94636","F:\downloads\SCUS-94636","355"
"SLUS-01111","F:\downloads\SLUS-01111","354"
"SLUS-00517","F:\downloads\SLUS-00517","350"
"SLPS-01547","F:\downloads\SLPS-01547","346"
"SLUS-01550","F:\downloads\SLUS-01550","334"
"SLUS-00172","F:\downloads\SLUS-00172","333"
"SCUS-94641","F:\downloads\SCUS-94641","332"
"SLUS-00177","F:\downloads\SLUS-00177","331"
"SLUS-01210","F:\downloads\SLUS-01210","326"
"SLUS-00408","F:\downloads\SLUS-00408","324"
"SLUS-00900","F:\downloads\SLUS-00900","323"
"SLUS-01043","F:\downloads\SLUS-01043","321"
"SLUS-00906","F:\downloads\SLUS-00906","319"
"SLUS-00824","F:\downloads\SLUS-00824","317"
"SCUS-94264","F:\downloads\SCUS-94264","315"
"SLUS-00256","F:\downloads\SLUS-00256","315"
"SCUS-94551","F:\downloads\SCUS-94551","307"
"SLUS-01300","F:\downloads\SLUS-01300","306"
"SCUS-94292","F:\downloads\SCUS-94292","305"
"SLUS-00294","F:\downloads\SLUS-00294","304"
"SLUS-00743","F:\downloads\SLUS-00743","302"
"SLUS-01343","F:\downloads\SLUS-01343","298"
"SLUS-00861","F:\downloads\SLUS-00861","298"
"SLUS-00737","F:\downloads\SLUS-00737","298"
"SLUS-00879","F:\downloads\SLUS-00879","295"
"SLUS-00317","F:\downloads\SLUS-00317","288"
"SLUS-00481","F:\downloads\SLUS-00481","284"
"SLUS-00105","F:\downloads\SLUS-00105","279"
"SLUS-00486","F:\downloads\SLUS-00486","272"
"SLUS-00369","F:\downloads\SLUS-00369","271"
"SLUS-00492","F:\downloads\SLUS-00492","271"
"SLUS-01366","F:\downloads\SLUS-01366","270"
"SLUS-01176","F:\downloads\SLUS-01176","269"
"SLUS-00378","F:\downloads\SLUS-00378","268"
"SLUS-00765","F:\downloads\SLUS-00765","261"
"SLUS-01047","F:\downloads\SLUS-01047","260"
"SLUS-01441","F:\downloads\SLUS-01441","258"
"SLUS-00238","F:\downloads\SLUS-00238","258"
"SLUS-00832","F:\downloads\SLUS-00832","257"
"SLUS-01139","F:\downloads\SLUS-01139","257"
"SLUS-00804","F:\downloads\SLUS-00804","256"
"SLUS-01068","F:\downloads\SLUS-01068","249"
"SLUS-00331","F:\downloads\SLUS-00331","248"
"SLUS-01214","F:\downloads\SLUS-01214","247"
"SLUS-00391","F:\downloads\SLUS-00391","243"
"SLUS-01397","F:\downloads\SLUS-01397","241"
"SLUS-01028","F:\downloads\SLUS-01028","237"
"SLUS-01453","F:\downloads\SLUS-01453","232"
"SCUS-94509","F:\downloads\SCUS-94509","231"
"SLUS-01519","F:\downloads\SLUS-01519","229"
"SLUS-01033","F:\downloads\SLUS-01033","228"
"SCUS-94181","F:\downloads\SCUS-94181","228"
"SLUS-01539","F:\downloads\SLUS-01539","228"
"SLUS-00466","F:\downloads\SLUS-00466","228"
"SLUS-00918","F:\downloads\SLUS-00918","221"
"SLUS-00505","F:\downloads\SLUS-00505","220"
"SLUS-01213","F:\downloads\SLUS-01213","217"
"SLUS-01403","F:\downloads\SLUS-01403","214"
"SLUS-01328","F:\downloads\SLUS-01328","214"
"SLUS-01409","F:\downloads\SLUS-01409","212"
"SLUS-00388","F:\downloads\SLUS-00388","212"
"SLUS-01313","F:\downloads\SLUS-01313","204"
"SLUS-00904","F:\downloads\SLUS-00904","196"
"SLUS-01122","F:\downloads\SLUS-01122","196"
"SLES-04047","F:\downloads\SLES-04047","187"
"SLUS-01049","F:\downloads\SLUS-01049","175"
"SLUS-01555","F:\downloads\SLUS-01555","169"
"SLUS-01492","F:\downloads\SLUS-01492","167"
"SLUS-01325","F:\downloads\SLUS-01325","166"
"SLES-02631","F:\downloads\SLES-02631","161"
"SLUS-01556","F:\downloads\SLUS-01556","161"
"SLUS-00948","F:\downloads\SLUS-00948","160"
"SLUS-00850","F:\downloads\SLUS-00850","158"
"SLES-02764","F:\downloads\SLES-02764","151"
"SLES-03602","F:\downloads\SLES-03602","121"
"SLUS-00999","F:\downloads\SLUS-00999","118"
"SLUS-00047","F:\downloads\SLUS-00047","104"
"SLUS-00945","F:\downloads\SLUS-00945","104"
"SCUS-94504","F:\downloads\SCUS-94504","103"
"SLUS-00327","F:\downloads\SLUS-00327","99"
"SLUS-01212","F:\downloads\SLUS-01212","99"
"SLUS-00775","F:\downloads\SLUS-00775","79"
"SLUS-01332","F:\downloads\SLUS-01332","31"
"SLUS-00395","F:\downloads\SLUS-00395","21"
"SCUS-94243","F:\downloads\SCUS-94243","16"
"SLUS-01260","F:\downloads\SLUS-01260","16"
"SCUS-94550","F:\downloads\SCUS-94550","16"
"SLUS-01570","F:\downloads\SLUS-01570","16"
"SLUS-00061","F:\downloads\SLUS-00061","8"
"SLUS-01233","F:\downloads\SLUS-01233","8"
"SLUS-00467","F:\downloads\SLUS-00467","8"
"SLUS-00905","F:\downloads\SLUS-00905","8"
"SLUS-00902","F:\downloads\SLUS-00902","8"
"SCUS-94272","F:\downloads\SCUS-94272","8"
"SLUS-00205","F:\downloads\SLUS-00205","8"
"SLUS-00038","F:\downloads\SLUS-00038","8"
"SCUS-94302","F:\downloads\SCUS-94302","8"
"SLUS-00600","F:\downloads\SLUS-00600","8"
"SCUS-94172","F:\downloads\SCUS-94172","8"
"SLUS-00993","F:\downloads\SLUS-00993","8"
"SLUS-01173","F:\downloads\SLUS-01173","8"
"SLUS-00150","F:\downloads\SLUS-00150","8"
"SLUS-00057","F:\downloads\SLUS-00057","8"
"SLUS-00862","F:\downloads\SLUS-00862","4"
"SLUS-01399","F:\downloads\SLUS-01399","4"
"SLUS-01246","F:\downloads\SLUS-01246","4"
"SLUS-00002","F:\downloads\SLUS-00002","4"
"SLUS-00142","F:\downloads\SLUS-00142","4"
"SLUS-00932","F:\downloads\SLUS-00932","1"
"SLUS-00282","F:\downloads\SLUS-00282","0"
"SLES-00532","F:\downloads\SLES-00532","0"
"SLUS-01097","F:\downloads\SLUS-01097","0"
"SLES-00748","F:\downloads\SLES-00748","0"
"SLUS-01269","F:\downloads\SLUS-01269","0"
"SLUS-01307","F:\downloads\SLUS-01307","0"
"SLES-01317","F:\downloads\SLES-01317","0"
"SLES-00307","F:\downloads\SLES-00307","0"
"SLES-01875","F:\downloads\SLES-01875","0"
"SLUS-00418","F:\downloads\SLUS-00418","0"
"SLUS-01013","F:\downloads\SLUS-01013","0"
"SLUS-01052","F:\downloads\SLUS-01052","0"
"SLUS-00403","F:\downloads\SLUS-00403","0"
"SLUS-00195","F:\downloads\SLUS-00195","0"
"SLUS-00596","F:\downloads\SLUS-00596","0"
"SLUS-00819","F:\downloads\SLUS-00819","0"
"SLUS-01181","F:\downloads\SLUS-01181","0"
"SLUS-01012","F:\downloads\SLUS-01012","0"
"SLUS-01217","F:\downloads\SLUS-01217","0"
"SLUS-00518","F:\downloads\SLUS-00518","0"
"SLUS-00258","F:\downloads\SLUS-00258","0"
